{"cameraMode":{"drawMode":0,"name":"Shaded","section":"Shading Mode"},"sceneLighting":false,"audioPlay":false,"sceneViewState":{"m_AlwaysRefresh":false,"showFog":true,"showSkybox":false,"showFlares":true,"showImageEffects":true,"showParticleSystems":true,"showVisualEffectGraphs":true,"m_FxEnabled":true},"in2DMode":false,"pivot":{"x":-2.800823926925659,"y":-0.15795573592185975,"z":4.649966716766357},"rotation":{"x":-0.051618970930576327,"y":0.10347308218479157,"z":-0.005344082601368427,"w":-0.9934089779853821},"size":3.9467270374298097,"orthographic":false}